,0
0,6.37761
1,4.2585707
2,1.0305296
3,26.093899
4,13.500345
5,0.5997076
6,5.464417
7,1.2486697
8,0.056549683
9,23.794579
10,3.8515673
11,0.84476805
12,0.1674928
13,0.28235754
14,2.5282314
15,2.1396096
16,11.055037
17,4.485208
18,17.947056
19,15.141423
20,23.213852
21,0.031135581
22,0.81076515
23,2.7544684
24,4.2838435
25,3.2898874
26,1.6645176
27,1.3846446
28,2.6963694
29,0.6749376
30,0.56833184
31,0.4096666
32,4.752224
33,0.29988915
34,1.2430862
35,4.261101
36,4.531649
37,3.25859
38,1.2056242
39,2.3266537
40,17.78162
41,17.883434
42,22.319857
43,2.3774302
44,-0.16338256
45,6.327466
46,3.0632558
47,17.62142
48,1.080972
49,4.725913
50,24.001564
51,4.1582003
52,0.3475176
53,15.609143
54,1.3239625
55,16.563515
56,22.385271
57,-0.023213476
58,0.73409796
59,3.2359607
60,1.3932053
61,2.0689533
62,-0.324028
63,0.36643878
64,0.9320698
65,16.957417
66,3.24121
67,0.87464416
68,2.2967048
69,0.6773039
70,7.6975107
71,0.8541119
72,1.232242
73,5.364688
74,7.7904434
75,1.7107693
76,22.993517
77,14.225019
78,4.7777123
79,15.74506
80,4.5630517
81,4.4148073
82,12.809028
83,0.2672717
84,4.338697
85,2.8509898
86,11.638255
87,22.307014
88,2.0697021
89,1.1143061
90,2.0307996
91,20.66898
92,3.7704365
93,12.766556
94,0.1666481
95,15.755359
96,2.2851622
97,2.5812833
98,5.8002777
99,1.8726465
100,0.69950974
101,2.5443537
102,1.317719
103,0.68227065
104,7.280422
105,1.2594463
106,5.758196
107,-0.04038553
108,5.9799404
109,1.3387479
110,6.587164
111,1.2145318
112,14.067251
113,0.66201556
114,2.8754678
115,18.24436
116,15.247726
117,20.343918
118,4.073898
119,15.959785
120,7.505126
121,6.4270244
122,0.76031566
123,11.969718
124,0.046316087
125,22.7558
126,17.695211
127,2.663893
128,17.314466
129,16.995394
130,15.237228
131,2.8272738
132,1.9304388
133,2.09081
134,1.5761944
135,0.14819956
136,10.70987
137,3.6575716
138,10.091557
139,25.59763
140,22.977547
141,18.688202
142,21.1677
143,20.719269
144,2.2647426
145,1.0372427
146,-0.24162084
147,15.386474
148,0.8531842
149,21.169798
150,4.7473955
151,2.8955033
152,5.022101
153,-0.111439675
154,6.833512
155,1.8461993
156,1.3624742
157,2.9513266
158,4.053706
159,11.221948
160,3.8522243
161,0.70542026
162,12.090101
163,19.16979
164,1.5045094
165,3.6173692
166,1.3770208
167,0.13116558
168,1.0381644
169,11.650475
170,1.8384783
171,3.4888415
172,0.90000534
173,14.084513
174,16.388693
175,2.2914786
176,3.0687842
177,0.18078515
178,3.023038
179,3.6037087
180,14.965009
181,1.710702
182,14.995359
183,0.17554107
184,6.116341
185,0.007823557
186,4.2976327
187,14.417825
188,0.8971758
189,4.742347
190,18.954573
191,0.7091433
192,1.2192087
193,2.0037363
194,20.421133
195,19.639816
196,1.2091842
197,20.76207
198,9.848456
199,5.3744316
200,1.4491347
201,4.749477
202,6.341817
203,6.535592
204,2.8054717
205,2.2922392
206,9.8575115
207,7.7086835
208,14.762139
209,1.0439243
210,3.3565764
211,5.815848
212,2.7676744
213,6.0886464
214,13.195139
215,22.76905
216,5.4227324
217,3.2563388
218,4.202376
219,7.6369405
220,8.29409
221,12.131844
222,3.3144104
223,4.791421
224,17.587553
225,11.038317
226,21.713701
227,0.96163714
228,0.45125857
229,4.394809
230,0.54839444
231,5.096885
232,1.5408673
233,1.3596171
234,18.016928
235,4.947169
236,0.1582604
237,1.0073081
238,0.9912498
239,0.555158
240,19.978699
241,19.538618
242,1.1000404
243,1.1700759
244,1.0987719
245,0.696095
246,2.6936374
247,13.113138
248,10.155201
249,12.045709
250,7.675301
251,15.530314
252,16.976141
253,8.819943
254,0.640574
255,0.2973109
256,10.699272
257,1.2061926
258,1.0508667
259,1.2650428
260,2.626451
261,2.1950321
262,0.7264452
263,20.592278
264,5.924824
265,6.636068
266,4.7363634
267,0.37089962
268,3.8475988
269,13.137948
270,0.64048004
271,2.1144764
272,0.48082292
273,0.5615905
274,4.1922703
275,7.6551914
276,0.28271562
277,2.6507149
278,10.259565
279,0.008076489
280,1.353646
281,1.0607015
282,5.7657504
283,0.3098964
284,3.3220794
285,1.5573258
286,3.2059326
287,4.660292
288,4.584187
289,7.6603703
290,20.286203
291,22.742283
292,4.1353526
293,3.317184
294,4.1691737
295,21.61857
296,2.2229517
297,3.8518703
298,5.5182996
299,8.241305
300,2.6613812
301,13.939217
302,6.528751
303,0.7396679
304,6.892048
305,1.6991882
306,12.618342
307,1.4039257
308,1.0916247
309,5.258063
310,10.699653
311,7.4889507
312,6.685355
313,-0.003980398
314,17.188908
315,4.0099354
316,1.3464291
317,13.862843
318,3.1412528
319,1.6128932
320,7.7656183
321,16.206171
322,3.22438
323,6.415247
324,9.028946
325,1.7190218
326,0.9567478
327,13.670829
328,0.43398264
329,1.7115018
330,0.16301161
331,15.694346
332,15.229804
333,1.0824245
334,2.2667987
335,2.5608113
336,3.6540112
337,6.6888046
338,12.162701
339,2.4884603
340,3.1325562
341,12.4516735
342,1.4660069
343,2.5559492
344,15.9796095
345,12.732743
346,15.1421175
347,6.7886043
348,5.5683312
349,10.315813
350,0.28967813
351,4.3069496
352,1.4938
353,3.2960658
354,19.124197
355,17.419214
356,3.3812146
357,15.373903
358,7.9840136
359,9.464828
360,0.633952
361,17.814434
362,17.308786
363,12.162783
364,8.67405
365,19.186632
366,1.2040569
367,13.015822
368,1.6405021
369,16.95771
370,1.3969016
371,13.730209
372,0.32394445
373,21.1682
374,15.67249
375,2.1894648
376,4.762111
377,16.085003
378,23.772833
379,3.9791257
380,2.5044534
381,14.0522175
382,1.2579907
383,0.845718
384,9.8324585
385,0.21391015
386,5.158781
387,14.366737
388,9.615178
389,4.618988
390,23.100397
391,14.786714
392,7.938785
393,0.9675784
394,16.225313
395,0.35714155
396,1.1271187
397,8.116978
398,2.2772148
399,14.520205
400,0.016017146
401,16.588339
402,0.22270241
403,0.83278215
404,9.720352
405,0.23776442
406,0.7953601
407,2.1410763
408,15.284166
409,15.307474
410,23.228949
411,5.213965
412,3.4647336
413,1.4610928
414,22.099365
415,4.842119
416,19.611889
417,0.6123172
418,1.3347193
419,12.075803
420,6.623708
421,17.488323
422,3.2412426
423,1.5323101
424,16.814009
425,18.656393
426,0.94764996
427,7.5089927
428,1.1943525
429,1.2519878
430,-0.03885652
431,5.5237308
432,4.333688
433,0.6342833
434,11.107451
435,0.933992
436,12.100014
437,0.4671577
438,1.3710972
439,7.4770703
440,4.6836476
441,7.1756725
442,2.0006502
443,0.017791472
444,22.569036
445,5.831307
446,5.07988
447,1.0174378
448,2.8423758
449,2.9213924
450,7.6826477
451,0.56864417
452,5.5043063
453,3.797532
454,0.98219097
455,9.302709
456,1.1473278
457,18.956656
458,2.711252
459,1.492036
460,0.019567862
461,17.366236
462,24.378021
463,1.0690998
464,12.124959
465,3.4152694
466,-0.022201613
467,1.2181269
468,2.816061
469,14.50572
470,13.606976
471,17.29172
472,0.6918193
473,1.929777
474,0.41219354
475,9.824448
476,19.10735
477,17.5611
478,1.2689623
479,19.42757
480,6.7178507
481,4.896896
482,2.5287194
483,0.92727125
484,2.3228662
485,1.442605
486,15.942265
487,15.2176075
488,5.6801677
489,3.4013736
490,1.112312
491,0.30471092
492,-0.042881697
493,0.037595622
494,18.338827
495,1.0151697
496,20.826185
497,7.298354
498,10.145403
499,1.1757361
500,-0.080502704
501,9.322788
502,23.87008
503,1.8170125
504,14.036026
505,13.227122
506,1.094107
507,13.496197
508,0.83342075
509,20.63932
510,14.472816
511,0.7603396
512,8.845099
513,3.7567418
514,0.31718028
515,2.332923
516,0.8204167
517,3.269663
518,1.6658461
519,18.595201
520,1.7717369
521,0.09888179
522,6.8002696
523,22.717747
524,3.3570964
525,4.8241034
526,5.153871
527,16.633047
528,-0.095836565
529,0.8976637
530,1.4217362
531,22.82295
532,6.3708453
533,4.566277
534,1.6148026
535,24.645842
536,3.6512341
537,2.8732913
538,17.18392
539,16.558283
540,4.1148314
541,1.9968563
542,10.045065
543,0.55339277
544,21.192318
545,8.356937
546,1.207556
547,9.390299
548,3.6880138
549,2.711529
550,4.3141656
551,9.185591
552,1.100155
553,16.73741
554,0.29187983
555,19.664646
556,4.4015384
557,2.4133904
558,3.3147047
559,5.17807
560,0.3263902
561,3.7680945
562,2.6971784
563,15.674777
564,1.5365428
565,19.654478
566,5.2141824
567,1.3711659
568,1.622537
569,14.978077
570,19.641953
571,0.9235817
572,13.980283
573,0.26817897
574,12.435984
575,1.7902462
576,1.5045472
577,1.0548741
578,1.4958645
579,3.978305
580,1.9601083
581,15.016769
582,4.4313946
583,20.157923
584,13.516486
585,0.14561976
586,7.4304047
587,2.4938135
588,24.211908
589,0.8784027
590,10.966661
591,3.304533
592,1.7081622
593,1.678683
594,2.1411994
595,2.708094
596,2.7683961
597,21.352554
598,3.5075018
599,25.082537
600,4.823688
601,3.2050285
602,16.417747
603,16.604237
604,0.50943387
605,20.240452
606,1.7051619
607,15.863809
608,3.0529528
609,22.781836
610,1.0036489
611,4.758846
612,17.831228
613,6.693308
614,-0.1302616
615,0.5289221
616,15.266785
617,7.583772
618,0.71006584
619,0.52041394
620,1.4006834
621,8.249179
622,4.402457
623,1.0844951
624,16.368616
625,2.5817497
626,21.547531
627,29.397207
628,0.8454933
629,1.387532
630,23.797562
631,21.740587
632,5.7887893
633,24.120173
634,2.1591032
635,0.30676532
636,2.2799401
637,0.4224638
638,1.6988074
639,0.55502915
640,2.936303
641,23.250288
642,3.3064773
643,2.24499
644,0.6837121
645,3.306035
646,7.504053
647,8.318243
648,3.036875
649,21.067312
650,-0.10674746
651,0.20109034
652,0.9728576
653,2.552537
654,5.2707453
655,0.7152045
656,0.906288
657,-0.17007819
658,2.6480212
659,0.98608994
660,0.7662749
661,0.16179349
662,13.382419
663,0.9713247
664,0.94487476
665,0.5187124
666,4.4954205
667,5.765199
668,3.8763106
669,3.0289407
670,20.751036
671,16.12062
672,0.6635189
673,7.4329295
674,23.60031
675,0.97736585
676,13.861103
677,1.4004295
678,23.220749
679,1.0988959
680,0.19111419
681,1.2041974
682,4.73261
683,1.8379574
684,5.9277697
685,21.202229
686,2.233326
687,21.086897
688,5.280304
689,0.39575687
690,0.73845994
691,22.281437
692,1.659731
693,1.8420234
694,3.001572
695,4.4902806
696,16.715855
697,0.9040258
698,2.2204435
699,20.000685
700,0.309883
701,0.97457993
702,1.3166095
703,5.543232
704,1.0035703
705,18.90752
706,13.358598
707,1.0342518
708,23.144615
709,3.2931542
710,12.923221
711,4.456359
712,24.843681
713,23.672165
714,13.029837
715,2.9502587
716,18.24306
717,1.5128243
718,0.6876403
719,24.499804
720,6.5742784
721,3.031821
722,5.2245693
723,3.017617
724,23.404158
725,14.506586
726,0.028458603
727,0.4918602
728,7.5883083
729,22.68767
730,7.1532793
731,3.471986
732,15.44786
733,2.445329
734,15.786438
735,1.9041958
736,0.63437665
737,3.4768744
738,13.631277
739,-0.13013953
740,5.605277
741,19.276686
742,22.956644
743,20.795269
744,0.80130315
745,2.7881672
746,23.163383
747,21.679804
748,2.691067
749,14.771555
750,24.69579
751,13.631977
752,17.024265
753,22.973251
754,8.858574
755,7.568782
756,6.319621
757,4.395839
758,2.7623966
759,3.5812762
760,14.862349
761,1.3733592
762,0.5414219
763,10.025214
764,10.210267
765,-0.058595687
766,2.8840733
767,12.079962
768,15.035937
769,0.77563715
770,23.263893
771,6.4111137
772,20.591734
773,0.01838009
774,1.1720473
775,1.5222365
776,17.136072
777,7.821782
778,18.504026
779,2.5667737
780,1.2917187
781,13.494947
782,4.226282
783,3.438269
784,0.97659504
785,3.644529
786,0.03702476
787,0.130607
788,4.3803253
789,5.188272
790,1.8485559
791,2.4039915
792,3.5836256
793,1.1474533
794,0.5311909
795,0.074732535
796,9.537597
797,3.2694325
798,1.4208884
799,0.43313265
800,20.812061
801,4.0855927
802,4.305104
803,1.2302945
804,1.1338453
805,4.700121
806,3.6666265
807,21.043842
808,16.881788
809,4.0174837
810,3.4252706
811,2.8745272
812,12.267128
813,4.17811
814,1.281734
815,1.9173955
816,16.318686
817,2.1024528
818,0.49641472
819,2.996232
820,13.807077
821,0.8822179
822,1.959388
823,24.030672
824,0.8757626
825,1.067983
826,24.615662
827,11.723113
828,1.440839
829,7.7166314
830,3.593368
831,0.17903969
832,0.9754685
833,1.6617498
834,0.99708474
835,3.9572282
836,19.286003
837,3.2516608
838,8.288965
839,19.970177
840,3.850442
841,13.455184
842,14.903705
843,4.6260996
844,16.15368
845,14.585367
846,3.2941701
847,3.6645272
848,0.77194786
849,1.6294483
850,4.9761868
851,8.094787
852,11.257127
853,7.9976735
854,18.008562
855,1.7843994
856,8.962184
857,14.249118
858,1.4104365
859,2.5715532
860,1.5437865
861,2.8834016
862,19.09474
863,0.8339398
864,4.429375
865,22.771135
866,22.836065
867,2.0949376
868,0.04627672
869,3.485772
870,3.4077652
871,6.851923
872,5.481065
873,0.36956996
874,23.064753
875,0.13290451
876,3.165619
877,11.600127
878,13.482963
879,19.658161
880,0.46575874
881,2.7819734
882,7.8740125
883,6.33751
884,16.01414
885,0.42525813
886,2.7935386
887,-0.005528614
888,3.0073996
889,1.2692444
890,11.728582
891,0.9150821
892,0.17189765
893,1.579608
894,23.30226
895,0.50618726
896,4.337312
897,4.0867424
898,6.8078337
899,2.9864304
900,12.52518
901,16.20634
902,5.8374705
903,9.796922
904,13.570585
905,14.932903
906,1.0937879
907,2.0139496
908,0.85778403
909,0.48908594
910,7.601497
911,17.361797
912,6.749736
913,3.0376525
914,20.682825
915,1.2229221
916,22.40318
917,3.3034565
918,17.727684
919,14.537497
920,1.798054
921,0.8882654
922,7.4288383
923,4.8906713
924,4.3315926
925,13.032219
926,22.715977
927,9.557924
928,0.2015084
929,1.4057134
930,1.5701942
931,1.2443321
932,0.9961338
933,8.284905
934,3.3474607
935,16.990053
936,16.863213
937,0.39271683
938,1.1434166
939,20.367945
940,-0.014976978
941,16.70269
942,8.292676
943,4.595598
944,2.9964066
945,4.6077685
946,1.9041495
947,16.984787
948,16.77359
949,0.8329787
950,3.7796943
951,15.573586
952,0.106630936
953,3.4345026
954,6.1390953
955,7.982259
956,0.36539832
957,19.218088
958,1.1930403
959,2.0979578
960,11.046098
961,1.7010916
962,0.18072535
963,0.8572452
964,13.714344
965,13.524118
966,4.0409007
967,1.0555979
968,18.384945
969,14.832903
970,17.062424
971,1.1420138
972,2.9949968
973,18.306973
974,2.5005665
975,0.1018101
976,3.8249898
977,0.7972945
978,0.87023175
979,11.562081
980,0.57493836
981,1.3353693
982,1.0991194
983,2.3221085
984,20.371626
985,1.1402175
986,0.5070206
987,20.9077
988,16.87927
989,-0.025619417
990,15.289171
991,3.609898
992,0.79293704
993,15.739826
994,0.7827146
995,3.0763059
996,17.627512
997,0.8855126
998,5.144033
999,9.999808
1000,4.863135
1001,26.516048
1002,2.636841
1003,3.551639
1004,0.76113415
1005,2.2461011
1006,15.966082
1007,1.7971627
1008,2.492813
1009,8.914044
1010,1.5807649
1011,1.3688604
1012,8.809066
1013,0.1969465
1014,22.160822
1015,3.140349
1016,11.8713455
1017,3.9153297
1018,0.74385405
1019,3.6635559
1020,-0.002965033
1021,4.0542355
1022,14.115137
1023,5.0958495
1024,0.15994628
1025,4.6861477
1026,5.0289083
1027,1.2723032
1028,23.260088
1029,0.034655422
1030,13.681315
1031,1.5954239
1032,6.103481
1033,4.9348483
1034,19.34739
1035,12.734131
1036,1.2494581
1037,0.90359807
1038,0.68619883
1039,22.949112
1040,1.179251
1041,0.50798243
1042,22.53195
1043,2.494818
1044,10.197147
1045,5.400983
1046,23.586395
1047,0.41055226
1048,0.91879237
1049,1.4995482
1050,5.512898
1051,1.9964329
1052,0.89259636
1053,0.085701294
1054,22.678837
1055,13.141105
1056,0.7446698
1057,1.0934986
1058,15.235429
1059,7.7307696
1060,1.1289833
1061,0.8889792
1062,-0.0629009
1063,14.821431
1064,14.506891
1065,3.4814887
1066,1.6650164
1067,6.5175896
1068,21.039131
1069,0.33026788
1070,18.307587
1071,11.760705
1072,2.4098306
1073,1.3891376
1074,2.634515
1075,0.7982118
1076,2.6342053
1077,15.332481
1078,16.58823
1079,0.5621979
1080,4.8179626
1081,24.528708
1082,4.8904047
1083,5.2949057
1084,14.471763
1085,25.487938
1086,17.018698
1087,4.405289
1088,1.098835
1089,9.54254
1090,24.05157
1091,17.140749
1092,0.719578
1093,22.386213
1094,1.3843365
1095,0.8223344
1096,19.205479
1097,15.811142
1098,0.20878766
1099,0.6442914
1100,4.548773
1101,2.2315168
1102,1.0751561
1103,0.6813117
1104,4.430581
1105,4.126683
1106,6.166469
1107,27.358992
1108,0.8797107
1109,3.0203676
1110,21.755981
1111,17.59785
1112,5.345826
1113,19.70131
1114,14.850187
1115,0.3507578
1116,0.67159283
1117,9.399841
1118,14.46927
1119,1.244385
1120,13.199134
1121,5.3532653
1122,1.0562125
1123,1.4812461
1124,16.141027
1125,22.865175
1126,12.677347
1127,2.9944446
1128,3.3135498
1129,18.168724
1130,4.6272902
1131,9.573541
1132,24.835546
1133,17.632696
1134,22.010878
1135,13.529611
1136,4.112114
1137,0.49918625
1138,0.44384813
1139,23.755903
1140,0.19444774
1141,13.6491785
1142,0.54461575
1143,15.580579
1144,9.556788
1145,0.64595675
1146,0.2394061
1147,0.4540292
1148,4.4823856
1149,0.3876566
1150,7.595857
1151,18.978582
1152,1.024725
1153,12.141155
1154,2.8893533
1155,1.8427755
1156,16.920753
1157,5.0325994
1158,4.4502745
1159,20.958982
1160,7.1396914
1161,23.149965
1162,24.631868
1163,2.9496348
1164,24.254375
1165,1.3851374
1166,13.557896
1167,2.40109
1168,1.1497866
1169,1.7910765
1170,2.858182
1171,5.0340323
1172,6.0515404
1173,23.344032
1174,22.793287
1175,13.862558
1176,5.0425763
1177,0.65772116
1178,7.05159
1179,-0.006053686
1180,1.2712919
1181,1.0956792
1182,0.13177781
1183,25.187181
1184,-0.12780505
1185,2.1911685
1186,4.2321815
1187,1.9867163
1188,23.11733
1189,14.764933
1190,3.0770338
1191,3.0071418
1192,10.146814
1193,0.8295224
1194,21.063482
1195,0.006011218
1196,8.674044
1197,2.3703678
1198,22.086565
1199,17.577028
1200,4.9568033
1201,6.7233114
1202,9.988646
1203,8.182748
1204,9.94018
1205,5.451824
1206,1.6341075
1207,4.9692316
1208,13.013553
1209,0.15438896
1210,1.3271599
1211,5.7833242
1212,12.281486
1213,3.6715705
1214,23.383877
1215,3.262739
1216,0.19017735
1217,7.427093
1218,21.223452
1219,16.11148
1220,4.9685326
1221,4.6232777
1222,0.40756908
1223,17.480433
1224,-0.04622206
1225,13.034788
1226,12.766462
1227,1.7851807
1228,1.7858645
1229,1.9622194
1230,23.11041
1231,2.370232
1232,3.2342434
1233,0.37749308
1234,0.7623584
1235,3.705647
1236,1.413309
1237,2.503059
1238,0.22906747
1239,0.35929352
1240,18.525074
1241,13.872351
1242,1.6253067
1243,0.108164355
1244,16.446106
1245,14.382188
1246,2.8421266
1247,3.5311677
1248,0.63289225
1249,0.0023049414
1250,3.8721743
1251,20.322199
1252,6.1684556
1253,11.760072
1254,17.889053
1255,0.56779563
1256,14.538007
1257,23.201057
1258,16.712564
1259,1.6456084
1260,-0.3554267
1261,2.9930103
1262,14.902497
1263,0.93512106
1264,4.758477
1265,23.540512
1266,18.253622
1267,5.509574
1268,2.9146261
1269,1.5027735
1270,-0.03512889
1271,1.3455323
1272,1.7263868
1273,6.8736215
1274,1.9650161
1275,6.9332566
1276,1.1860732
1277,9.620316
1278,4.156854
1279,26.996164
1280,18.47065
1281,1.5909019
1282,1.0413809
1283,5.9173
1284,-0.075472
1285,0.63992226
1286,1.8974068
1287,0.32570127
1288,2.5769393
1289,1.2820418
1290,0.4833304
1291,1.6833572
1292,2.5208268
1293,14.657631
1294,21.030045
1295,5.560367
1296,0.82695603
1297,12.801032
1298,1.4716345
1299,13.574261
1300,15.188398
1301,6.9776344
1302,1.9636118
1303,7.243162
1304,2.4765918
1305,18.47718
1306,7.2271028
1307,17.207718
1308,1.1818618
1309,1.7031035
1310,0.52986753
1311,2.407946
1312,0.59008884
1313,3.4729946
1314,0.19752632
1315,4.8218946
1316,16.048868
1317,6.5890923
1318,14.233457
1319,2.8917496
1320,3.5887377
1321,3.4445684
1322,2.8313873
1323,1.2849741
1324,16.448484
1325,2.8032737
1326,1.0999569
1327,22.026688
1328,21.548548
1329,2.12812
1330,1.4416515
1331,13.726087
1332,-0.045573905
1333,0.7048906
1334,4.7336087
1335,0.98947847
1336,20.949577
1337,1.7886604
1338,0.44843188
1339,1.9496902
1340,18.828905
1341,15.043098
1342,-0.007814541
1343,3.9924104
1344,5.274103
1345,15.524102
1346,0.65976346
1347,1.3686062
1348,2.2288294
1349,4.175439
1350,1.450205
1351,22.603697
1352,0.31491897
1353,-0.4690648
1354,10.898769
1355,0.68165946
1356,1.3512385
1357,10.251395
1358,14.797259
1359,22.864851
1360,3.373188
1361,1.7017035
1362,18.454699
1363,23.469193
1364,12.811026
1365,15.279846
1366,5.9704833
1367,2.886679
1368,7.9772034
1369,13.047805
1370,4.4760246
1371,15.654395
1372,1.3102705
1373,0.81080925
1374,0.44081002
1375,3.048197
1376,18.55677
1377,11.56182
1378,15.912819
1379,1.7603298
1380,3.7110884
1381,1.044354
1382,7.506836
1383,0.87871706
1384,4.2533064
1385,0.5466328
1386,0.38276798
1387,17.407728
1388,17.094032
1389,16.980362
1390,12.034728
1391,16.069397
1392,14.017108
1393,14.496913
1394,2.798994
1395,1.2945609
1396,20.209337
1397,3.6668463
1398,20.728468
1399,15.165809
1400,4.7148995
1401,23.701845
1402,13.164082
1403,2.4729757
1404,22.181837
1405,0.96317947
1406,16.73409
1407,21.178734
1408,1.6934636
1409,1.5460829
1410,1.0487573
1411,3.8821466
1412,1.1375532
1413,1.3272809
1414,1.1850528
1415,1.0298129
1416,12.905422
1417,8.096979
1418,2.007217
1419,-0.07808189
1420,1.3866204
1421,5.4538817
1422,20.468576
1423,0.12760197
1424,9.34176
1425,15.856953
1426,2.576829
1427,1.3394955
1428,2.0684023
1429,9.885526
1430,23.325266
1431,2.7440133
1432,0.7937006
1433,4.309101
1434,2.5482967
1435,0.318713
1436,-0.035981566
1437,7.0683107
1438,23.763348
1439,1.646155
1440,4.4999633
1441,0.06654316
1442,4.2927322
1443,17.549505
1444,20.62944
1445,0.7941184
1446,14.937385
1447,3.9960132
1448,15.66822
1449,-0.03906901
1450,1.0978857
1451,16.935047
1452,3.756133
1453,14.079606
1454,18.976862
1455,5.837952
1456,2.8038237
1457,7.748151
1458,19.017817
1459,0.80556095
1460,0.09900148
1461,-0.0055684447
1462,2.4276602
1463,1.2241367
1464,15.001546
1465,10.400667
1466,3.3075213
1467,2.0087116
1468,5.138564
1469,0.5070648
1470,4.944585
1471,9.969461
1472,21.718538
1473,9.664631
1474,0.31855065
1475,2.2763462
1476,16.528006
1477,1.3626126
1478,7.7739825
1479,5.278813
1480,3.060649
1481,1.0268267
1482,0.6241031
1483,1.4869286
1484,8.261486
1485,0.6890943
1486,1.7578588
1487,9.521288
1488,4.1467113
1489,7.714381
1490,16.243832
1491,3.9746501
1492,1.0642967
1493,9.496561
1494,14.82532
1495,15.62666
1496,5.2113533
1497,2.085481
1498,13.387661
1499,12.953417
1500,1.665825
1501,10.788097
1502,15.98874
1503,1.7002829
1504,14.699763
1505,2.753191
1506,25.073257
1507,1.5304328
1508,15.564674
1509,0.31059545
1510,10.492098
1511,3.8976777
1512,0.4894405
1513,8.404096
1514,17.348034
1515,1.4670568
1516,0.16402689
1517,22.513233
1518,5.839953
1519,2.9600673
1520,0.37574863
1521,1.1183072
1522,14.426701
1523,3.323937
1524,23.960308
1525,0.062325887
1526,0.114320144
1527,4.623541
1528,10.639078
1529,9.709848
1530,19.029758
1531,22.260658
1532,18.613886
1533,0.84346783
1534,1.5745189
1535,2.8348286
1536,6.8344755
1537,0.51685774
1538,1.612094
1539,4.1219707
1540,5.8103685
1541,18.639448
1542,17.028767
1543,12.507617
1544,18.555984
1545,0.21093397
1546,3.0066009
1547,8.027513
1548,0.16245191
1549,2.558731
1550,5.8127465
1551,0.59982157
1552,11.518741
1553,0.9132395
1554,1.5898165
1555,0.55914253
1556,21.708948
1557,14.255049
1558,4.428926
1559,3.7374074
1560,1.0458872
1561,3.385475
1562,1.2991511
1563,3.8857782
1564,0.4155339
1565,9.9417715
1566,0.89824915
1567,5.2708364
1568,0.99613965
1569,1.9244884
1570,0.45058483
1571,6.967018
1572,0.82201254
1573,15.896585
1574,15.574632
1575,2.009051
1576,1.5988849
1577,2.501208
1578,12.47039
1579,0.73463976
1580,3.637438
1581,0.47434503
1582,4.7544975
1583,1.4885433
1584,3.5706787
1585,14.467602
1586,18.129705
1587,3.1497285
1588,17.327335
1589,1.2969605
1590,19.022276
1591,1.4773421
1592,1.5616661
1593,22.029686
1594,2.3394468
1595,16.732311
1596,0.22408177
1597,6.695742
1598,0.9150572
1599,7.5659127
1600,2.5396073
1601,1.4522454
1602,0.9872812
1603,1.3909501
1604,4.2536354
1605,12.140954
1606,15.349714
1607,6.022711
1608,4.49972
1609,13.298522
1610,8.840316
1611,13.169222
1612,19.364195
1613,11.4312
1614,4.4090815
1615,4.981662
1616,1.429449
1617,1.9060944
1618,8.356243
1619,2.642716
1620,0.7297143
1621,21.14089
1622,1.3368939
1623,6.1240325
1624,11.971761
1625,0.044040978
1626,3.8948433
1627,2.3520772
1628,21.8826
1629,5.0926557
1630,11.778984
1631,16.193258
1632,21.38299
1633,3.7757478
1634,1.3129969
1635,2.4274402
1636,14.030164
1637,0.3216016
1638,4.8104563
1639,0.00035773218
1640,23.191309
1641,12.548776
1642,14.823096
1643,0.5509825
1644,1.6789834
1645,-0.119874865
1646,1.5298309
1647,2.5445254
1648,1.3326629
1649,0.27370977
1650,1.3320123
1651,0.7328582
1652,14.2205715
1653,0.6354834
1654,0.52646863
1655,1.3609514
1656,-0.23646396
1657,20.23047
1658,4.828504
1659,25.525711
1660,19.59199
1661,0.34462625
1662,0.6372357
1663,1.0839962
1664,0.15866798
1665,5.8776217
1666,0.78364
1667,3.6567175
1668,1.7654532
1669,7.6011252
1670,4.395157
1671,-0.037052453
1672,27.482468
1673,23.664682
1674,1.2792926
1675,1.8665451
1676,1.0734303
1677,0.2831962
1678,20.284607
1679,19.083643
1680,3.7254095
1681,9.721621
1682,2.2623074
1683,11.564711
1684,16.357208
1685,0.00635086
1686,2.8861587
1687,0.19323568
1688,21.414095
1689,1.0855224
1690,0.40924928
1691,22.119051
1692,2.5389147
1693,1.6357137
1694,3.5942512
1695,20.513819
1696,20.186823
1697,0.5166524
1698,1.8105732
1699,0.8337952
1700,3.195709
1701,0.25208288
1702,4.483205
1703,22.519218
1704,17.869137
1705,6.3674974
1706,17.926552
1707,0.7800653
1708,2.6708388
1709,2.2699423
1710,21.579517
1711,5.1315784
1712,0.7034801
1713,4.1069937
1714,17.18621
1715,1.1918628
1716,5.4270988
1717,5.127122
1718,16.848017
1719,1.344134
1720,4.2044363
1721,3.4322267
1722,1.4342924
1723,0.75312793
1724,0.33776957
1725,0.8389089
1726,2.237547
1727,3.2629206
1728,1.3810068
1729,15.625665
1730,10.794436
1731,1.2542964
1732,15.745469
1733,0.78030074
1734,1.5948378
1735,4.0724773
1736,0.337123
1737,2.3186626
1738,1.8280679
1739,2.653498
1740,9.801401
1741,7.078767
1742,12.846258
1743,22.72255
1744,1.7183706
1745,2.3414812
1746,17.850195
1747,2.4302187
1748,2.08142
1749,20.520765
1750,1.3263766
1751,19.846493
1752,5.0250726
1753,3.9137495
1754,4.904411
1755,2.7641664
1756,0.8918544
1757,2.7016268
1758,0.064158544
1759,23.535656
1760,0.6686493
1761,7.838343
1762,21.585775
1763,4.0546136
1764,4.1778283
1765,0.9914813
1766,14.702469
1767,2.2681763
1768,3.2325864
1769,3.7334833
1770,24.06333
1771,10.044769
1772,14.884586
1773,4.6529884
1774,14.656894
1775,2.1185603
1776,15.522564
1777,0.030121274
1778,0.2885502
1779,4.5361776
1780,4.018261
1781,12.306117
1782,0.0017770231
1783,0.9106945
1784,1.1676832
1785,0.10383129
1786,7.6710606
1787,1.0600419
1788,4.5707674
1789,4.786104
1790,2.450098
1791,3.1174152
1792,20.286161
1793,17.903866
1794,5.037443
1795,3.1143813
1796,0.13373202
1797,3.441103
1798,1.3753209
1799,6.0059214
1800,3.2241695
1801,5.557229
1802,9.940078
1803,5.305537
1804,0.6995803
1805,1.8705877
1806,22.984653
1807,0.919793
1808,1.1113428
1809,0.26151055
1810,10.13927
1811,3.8931906
1812,1.974899
1813,1.0777475
1814,1.8712707
1815,16.988855
1816,4.409446
1817,16.34914
1818,8.364252
1819,4.30123
1820,14.843337
1821,4.4980807
1822,-0.048096165
1823,4.795704
1824,0.5863043
1825,5.4702115
1826,1.9212857
1827,-0.16618237
1828,24.720798
1829,2.4072547
1830,1.471619
1831,4.5554767
1832,0.5694698
1833,18.621538
1834,18.21596
1835,-0.1044569
1836,0.057100773
1837,1.1239783
1838,9.458648
1839,7.7151985
1840,3.0227656
1841,-0.025534391
1842,0.60156536
1843,2.1512945
1844,0.58733964
1845,0.10884131
1846,4.178808
1847,0.10489763
1848,0.15975833
1849,1.4955729
1850,2.51191
1851,2.5169985
1852,0.19066265
1853,1.3829745
1854,5.6004095
1855,1.1151615
1856,6.057239
1857,0.4988421
1858,0.60728693
1859,5.6294494
1860,6.7402234
1861,1.1103798
1862,5.972579
1863,4.901119
1864,17.111654
1865,-0.12306169
1866,20.410538
1867,21.965479
1868,12.512498
1869,4.0377936
1870,1.3191895
1871,2.2980998
1872,4.922409
1873,17.067799
1874,1.2398875
1875,-0.04763618
1876,19.515978
1877,0.9322746
1878,2.065284
1879,9.624309
1880,12.540039
1881,0.30179518
1882,-0.035379186
1883,0.4356937
1884,14.636233
1885,7.511839
1886,11.546302
1887,1.6571783
1888,0.8887075
1889,1.9857209
1890,8.333386
1891,2.0567846
1892,0.57293904
1893,2.413284
1894,0.3617277
1895,21.663263
1896,5.9332604
1897,2.1346817
1898,0.6652293
1899,16.681793
1900,10.217516
1901,1.7787297
1902,1.0128479
1903,-0.24338138
1904,9.339456
1905,2.1168997
1906,4.720465
1907,25.168262
1908,20.864035
1909,2.7382782
1910,0.28191727
1911,24.14435
1912,1.100307
1913,1.5753683
1914,0.4207595
1915,2.9100177
1916,1.1732459
1917,8.023361
1918,17.9403
1919,2.0728164
1920,1.1823567
1921,1.6876729
1922,0.050431527
1923,1.5296525
1924,7.1634083
1925,5.3989697
1926,0.4479755
1927,0.89349973
1928,3.9344845
1929,16.727377
1930,4.048223
1931,9.223277
1932,8.623595
1933,1.1958632
1934,2.684474
1935,2.9762113
1936,1.5659368
1937,0.13004598
1938,12.054326
1939,3.6991882
1940,20.341026
1941,4.8571663
1942,3.9955974
1943,1.036915
1944,18.54895
1945,2.5201263
1946,0.7488836
1947,0.47065163
1948,1.9597875
1949,2.4811776
1950,0.024462514
1951,1.0952041
1952,0.9271388
1953,0.15912217
1954,13.652843
1955,1.0900236
1956,0.70988154
1957,0.3681637
1958,0.48215318
1959,13.288186
1960,1.3078938
1961,0.3400095
1962,0.9871317
1963,0.6312611
1964,1.7808923
1965,16.39044
1966,14.440566
1967,0.24575272
1968,1.3917757
1969,14.578012
1970,5.053671
1971,-0.010598987
1972,12.444777
1973,22.723465
1974,0.621806
1975,6.976416
1976,1.8076915
1977,5.139082
1978,0.09883124
1979,14.652042
1980,8.523711
1981,13.924934
1982,22.393164
1983,-0.25254253
1984,8.225135
1985,0.6412481
1986,0.60925084
1987,11.1390295
1988,2.3860872
1989,8.053021
1990,0.83072317
1991,1.3208874
1992,0.8383422
1993,3.449216
1994,21.075195
1995,1.2876669
1996,1.6663042
1997,0.9788418
1998,9.833595
1999,14.829096
2000,18.667793
2001,2.065051
2002,2.8924842
2003,0.13703822
2004,9.956581
2005,8.832155
2006,23.016777
2007,4.623278
2008,5.364128
2009,1.8077548
2010,1.9393343
2011,24.439682
2012,3.6484487
2013,1.5265874
2014,22.88113
2015,6.8507466
2016,8.793969
2017,1.5320486
2018,1.9315774
2019,1.9361266
2020,1.1797358
2021,16.00055
2022,2.4880393
2023,3.943911
2024,7.0302186
2025,15.9133415
2026,17.602533
2027,1.3764914
2028,0.21637753
2029,3.193285
2030,0.82342887
2031,0.9362948
2032,15.702806
2033,1.9723144
2034,4.357679
2035,14.879646
2036,16.437399
2037,0.54490614
2038,2.2081466
2039,11.572734
2040,0.69736254
2041,2.494517
2042,4.417219
2043,2.237382
2044,0.5229187
2045,1.9026526
2046,23.996283
2047,0.47263387
2048,1.2903993
2049,3.2885382
2050,0.5726723
2051,4.7934585
2052,0.8098444
2053,12.070898
2054,3.7849147
2055,1.6677557
2056,14.0381975
2057,0.4565391
2058,4.5080867
2059,20.860386
2060,2.4899619
2061,17.721087
2062,13.949487
2063,1.6336706
2064,10.463791
2065,1.9971195
2066,16.239471
2067,16.802292
2068,0.37710723
2069,5.7320166
2070,14.072612
2071,15.286098
2072,19.728344
2073,22.01377
2074,0.33372766
2075,4.369085
2076,3.144945
2077,0.9699451
2078,15.509795
2079,23.181244
2080,3.7280025
2081,5.5615807
2082,12.926964
2083,-0.015849188
2084,0.8622767
2085,15.763629
2086,16.413105
2087,2.8189704
2088,13.511492
2089,5.6604586
2090,3.9215693
2091,14.782893
2092,7.4106092
2093,1.1138852
2094,0.8794441
2095,-0.012106985
2096,0.45415276
2097,21.248047
2098,0.3317113
2099,17.810001
2100,0.42792273
2101,0.40543732
2102,1.5860995
2103,4.9428296
2104,3.4442756
2105,3.2964532
2106,0.86339664
2107,1.0288608
2108,5.9801383
2109,0.06901312
2110,4.9746118
2111,12.536168
2112,18.647392
2113,3.4023945
2114,6.278667
2115,20.175152
2116,15.9381895
2117,0.98682725
2118,-0.27838108
2119,0.32350022
2120,0.8065827
2121,19.875292
2122,2.0745413
2123,17.665874
2124,16.387283
2125,7.3493104
2126,0.051001318
2127,2.0574515
2128,5.111101
2129,0.4081835
2130,0.41006055
2131,21.876625
2132,15.199835
2133,4.2139006
2134,4.3245955
2135,2.4696207
2136,22.851622
2137,19.48397
2138,14.92862
2139,24.985174
2140,1.2500447
2141,0.67308366
2142,2.0433109
2143,1.5013756
2144,0.38132364
2145,13.333819
2146,17.73026
2147,5.882775
2148,6.475334
2149,8.393664
2150,19.436167
2151,0.33852607
2152,1.0755258
2153,0.5728914
2154,3.751329
2155,0.35047168
2156,12.794778
2157,18.763609
2158,0.91058934
2159,16.052433
2160,0.058061905
2161,19.488539
2162,15.979068
2163,2.051899
2164,2.945287
2165,21.442955
2166,1.7860875
2167,1.0722831
2168,0.43464684
2169,24.402922
2170,6.80495
2171,14.641583
2172,5.0159087
2173,13.925899
2174,4.4432926
2175,5.70205
2176,3.8833241
2177,1.4824603
2178,2.4904447
2179,20.247814
2180,15.68172
2181,10.728231
2182,19.697975
2183,0.32339203
2184,1.7666692
2185,1.2576058
2186,4.8074174
2187,4.7244015
2188,4.419717
2189,1.4376396
2190,14.517778
2191,0.03694515
2192,4.2397685
2193,12.020146
2194,15.725842
2195,13.357514
2196,24.169004
2197,2.8370407
2198,7.1325626
2199,2.4065251
2200,1.2266908
2201,20.627783
2202,16.276575
2203,23.121204
2204,0.77691543
2205,4.012467
2206,0.178168
2207,0.19897696
2208,1.9000248
2209,2.0763295
2210,20.25398
2211,-0.058567047
2212,2.5415199
2213,8.123426
2214,20.453655
2215,1.4373229
2216,16.40794
2217,0.5633607
2218,0.8119843
2219,6.2958026
2220,0.9208944
2221,3.0242386
2222,11.611186
2223,20.982338
2224,1.4423683
2225,2.7463095
2226,13.298557
2227,0.87860537
2228,1.6645848
2229,11.9895115
2230,21.292507
2231,16.275286
2232,2.2726321
2233,1.2022105
2234,4.9923453
2235,1.686139
2236,1.324425
2237,1.799363
2238,1.204631
2239,17.55801
2240,23.412226
2241,14.9359
2242,0.582585
2243,1.954187
2244,1.7923981
2245,17.835464
2246,7.1285143
2247,16.586021
2248,5.095635
2249,0.4346674
2250,0.30481076
2251,1.2153424
2252,1.1207274
2253,1.5156178
2254,3.584113
2255,1.0841192
2256,1.9587697
2257,4.22826
2258,14.595913
2259,23.121313
2260,2.4412606
2261,8.1250305
2262,3.9593103
2263,17.621428
2264,15.641583
2265,23.039732
2266,13.15933
2267,1.1374837
2268,0.5608617
2269,4.0479007
2270,23.595858
2271,0.05094076
2272,2.3414452
2273,0.6100825
2274,0.37749994
2275,4.380365
2276,11.902266
2277,1.6765999
2278,4.818008
2279,1.5601938
2280,13.729044
2281,17.703886
2282,1.8181614
2283,15.966073
2284,18.097784
2285,0.32491013
2286,12.678495
2287,6.2843747
2288,14.278467
2289,9.297841
2290,4.176928
2291,0.9547936
2292,0.50449574
2293,2.1972837
2294,22.83196
2295,12.885082
2296,4.527472
2297,1.8327787
2298,0.09017287
2299,21.925175
2300,3.4810576
2301,4.616617
2302,24.020136
2303,0.34872162
2304,3.2689342
2305,3.4986396
2306,0.77653503
2307,4.6693563
2308,4.115303
2309,1.3684576
2310,4.7311063
2311,0.88477004
2312,4.1665874
2313,15.382379
2314,17.337246
2315,10.927772
2316,1.434996
2317,0.9125192
2318,21.181181
2319,0.99411047
2320,0.61779416
2321,1.4434857
2322,0.86182475
2323,2.5283072
2324,4.556447
2325,1.008723
2326,0.3742795
2327,0.44949716
2328,0.3727411
2329,-0.29411837
2330,2.7853332
2331,18.685686
2332,20.437815
2333,21.012165
2334,6.092228
2335,1.9536244
2336,7.5791364
2337,24.64073
2338,6.4734583
2339,4.2339997
2340,6.6128645
2341,0.20658931
2342,7.9695954
2343,1.0694577
2344,5.7545185
2345,1.9619551
2346,10.714654
2347,15.764235
2348,16.6118
2349,1.9705478
2350,26.153107
2351,22.228172
2352,5.509051
2353,6.0316205
2354,1.2822397
2355,9.86383
2356,22.214937
2357,3.9594457
2358,1.1765294
2359,10.905759
2360,1.7623836
2361,5.227316
2362,3.8556437
2363,14.670964
2364,9.472889
2365,2.1127775
2366,7.7267294
2367,0.5145618
2368,4.216407
2369,2.4111784
2370,8.421516
2371,12.061173
2372,0.5492463
2373,0.8733182
2374,0.36861384
2375,3.6521177
2376,9.528969
2377,4.324629
2378,7.379415
2379,23.40685
2380,3.0067096
2381,14.823433
2382,4.225401
2383,3.2799304
2384,1.4503894
2385,2.727548
2386,1.2550418
2387,3.6717067
2388,21.829573
2389,1.1700727
2390,17.372766
2391,4.301793
2392,4.407342
2393,2.850021
2394,6.348534
2395,22.190628
2396,13.486332
2397,1.2184776
2398,0.6212877
2399,9.507536
2400,0.9091773
2401,15.895749
2402,0.19011858
2403,1.7630821
2404,0.0821158
2405,-0.17206019
2406,0.16749868
2407,8.996241
2408,-0.06746495
2409,23.082453
2410,8.4798765
2411,2.0017118
2412,21.449268
2413,4.5019555
2414,0.9607698
2415,11.493285
2416,14.338904
2417,-0.038360253
2418,10.890078
2419,15.935459
2420,0.77142394
2421,0.7465149
2422,-0.2221627
2423,1.079274
2424,22.51339
2425,0.21265435
2426,9.316553
2427,1.3074925
2428,4.895168
2429,3.5787983
2430,8.345746
2431,18.372349
2432,2.9105914
2433,6.7775946
2434,0.78861904
2435,12.831202
2436,1.8898863
2437,-0.19842878
2438,5.013465
2439,1.2146167
2440,3.7340178
2441,14.953938
2442,6.010439
2443,0.2248268
2444,0.72907424
2445,1.3884773
2446,17.040253
2447,1.4773088
2448,7.559197
2449,5.887176
2450,6.806037
2451,0.5837194
2452,1.7472332
2453,8.358429
2454,2.6231778
2455,6.056762
2456,2.6529412
2457,7.693749
2458,18.59488
2459,1.7378923
2460,17.38757
2461,21.673708
2462,1.4081532
2463,0.14256725
2464,11.056348
2465,1.1390481
2466,8.98439
2467,3.8290935
2468,1.1373047
2469,18.049612
2470,4.0290046
2471,0.62527025
2472,19.569374
2473,1.3236346
2474,1.3148724
2475,15.499945
2476,18.074223
2477,1.9056052
2478,0.41803285
2479,1.6546519
2480,0.032272182
2481,9.208075
2482,8.027392
2483,3.996091
2484,0.8404546
2485,3.7797904
2486,16.326471
2487,3.6124964
2488,0.785066
2489,3.5799148
2490,0.5607933
2491,0.3848219
2492,4.04423
2493,0.41581458
2494,23.685675
2495,0.050666913
2496,0.10130343
2497,4.835954
2498,1.4918145
2499,15.400602
2500,0.32765085
2501,11.127216
2502,14.906175
2503,0.8365196
2504,0.4703198
2505,13.942238
2506,10.496616
2507,0.10931307
2508,2.5598652
2509,4.0923395
2510,2.0723655
2511,16.445887
2512,23.410883
2513,0.58182526
2514,13.821136
2515,13.696499
2516,1.2086124
2517,12.9671545
2518,4.603751
2519,0.053136505
2520,2.3503532
2521,6.3427424
2522,13.125593
2523,0.9435799
2524,23.708008
2525,7.8290596
2526,6.1209593
2527,0.048240855
2528,0.2896935
2529,8.502282
2530,3.1949534
2531,1.0612814
2532,1.3382834
2533,6.7977796
2534,14.363927
2535,3.0829778
2536,18.224648
2537,2.3706148
2538,3.097957
2539,0.5077208
2540,16.431519
2541,3.145819
2542,17.158257
2543,4.072696
2544,4.4172273
2545,1.5550108
2546,12.08324
2547,0.77795756
2548,-0.064517304
2549,4.545791
2550,0.035620183
2551,3.9060075
2552,7.4270544
2553,0.28112406
2554,19.366322
2555,2.4401844
2556,17.092266
2557,0.6495122
2558,3.3283346
2559,1.8112164
2560,18.663967
2561,0.61054593
2562,1.4247013
2563,3.7068005
2564,0.9176885
2565,0.8855474
2566,4.521383
2567,0.6823331
2568,2.8747866
2569,0.70050037
2570,2.7189434
2571,13.963031
2572,0.061792776
2573,3.3293364
2574,1.2514439
2575,0.6475754
2576,1.1289368
2577,0.10118444
2578,20.413004
2579,12.417787
2580,13.652736
2581,0.30212733
2582,3.6240997
2583,4.6105027
2584,14.373006
2585,1.2790139
2586,1.7571261
2587,3.1457691
2588,1.2046351
2589,1.3609809
2590,4.0041156
2591,23.969913
2592,1.0043087
2593,14.881508
2594,6.5515504
2595,13.545013
2596,13.812647
2597,18.764353
2598,1.011567
2599,14.771046
2600,25.746643
2601,0.5073985
2602,1.5870856
2603,19.429735
2604,21.854242
2605,2.6367373
2606,1.1702714
2607,22.215069
2608,2.8213258
2609,0.05913713
2610,5.7196183
2611,14.980432
2612,8.151393
2613,1.2313612
2614,1.3367376
2615,18.545506
2616,3.06485
2617,12.586834
2618,3.6097207
2619,17.506897
2620,2.914122
2621,0.19621386
2622,3.7325752
2623,22.955965
2624,3.0193548
2625,19.744194
2626,1.4105567
2627,1.438856
2628,2.669943
2629,26.153456
2630,15.125957
2631,14.936937
2632,0.8654523
2633,5.1575117
2634,21.282644
2635,0.8052851
2636,24.131897
2637,21.738266
2638,1.5184777
2639,0.5374125
2640,2.2688258
2641,20.977524
2642,1.5252395
2643,20.096128
2644,0.6795565
2645,0.46250826
2646,14.709583
2647,7.9668355
2648,0.7595267
2649,23.249426
2650,0.2423823
2651,15.9915905
2652,14.5301285
2653,-0.080960974
2654,0.79473317
2655,1.0803959
2656,1.7850704
2657,4.441093
2658,6.1207166
2659,4.06859
2660,11.396026
2661,4.893046
2662,15.667962
2663,2.1991282
2664,2.6390789
2665,1.94913
2666,5.8378263
2667,0.9659493
2668,-0.101175666
2669,2.1415992
2670,4.8382745
2671,2.7695956
2672,2.7033668
2673,4.3494887
2674,8.340141
2675,14.376606
2676,1.0014305
2677,0.4176742
2678,0.5696837
2679,4.5102224
2680,16.595564
2681,5.0227504
2682,5.685742
2683,1.2794654
2684,2.0857599
2685,0.71369004
2686,1.6038047
2687,8.073992
2688,1.0062677
2689,0.54697347
2690,14.877735
2691,6.0789413
2692,2.684277
2693,2.3065565
2694,-0.018663883
2695,14.434475
2696,4.8634863
2697,22.28845
2698,1.5089979
2699,17.320171
2700,1.3036484
2701,10.44527
2702,13.026042
2703,7.327496
2704,0.51906276
2705,16.773031
2706,3.1420617
2707,12.415534
2708,1.979708
2709,3.5599048
2710,2.0185452
2711,0.29629225
2712,3.9451222
2713,2.4138975
2714,0.51946354
2715,3.5153682
2716,2.666732
2717,0.9249042
2718,0.7489753
2719,5.4343376
2720,2.0899162
2721,1.4768087
2722,1.4954259
2723,22.502398
2724,26.812727
2725,0.28096363
2726,23.921412
2727,4.0274386
2728,13.308848
2729,19.054594
2730,4.2622423
2731,3.855867
2732,15.184807
2733,2.157353
2734,1.8968832
2735,0.5087506
2736,17.16847
2737,4.732409
2738,0.3067009
2739,6.0696363
2740,1.1632751
2741,21.344486
2742,1.9499781
2743,0.49655715
2744,15.13451
2745,16.459482
2746,17.114218
2747,12.151362
2748,0.17156243
2749,0.3004421
2750,14.150146
2751,3.4243727
2752,17.845692
2753,0.76676846
2754,14.238653
2755,2.6218286
2756,3.1810915
2757,0.1647195
2758,0.2301184
2759,4.4351335
2760,10.907401
2761,13.563027
2762,1.1630679
2763,0.10591605
2764,3.024118
2765,17.660967
2766,1.5319523
2767,0.25787008
2768,2.1206264
2769,1.3671987
2770,0.5239655
2771,3.7008228
2772,1.0280803
2773,18.899416
2774,10.198536
2775,3.765671
2776,6.37596
2777,13.0574045
2778,1.2273282
2779,0.09113165
2780,14.65419
2781,1.3359541
2782,22.76176
2783,0.46964952
2784,1.1767218
2785,21.232685
2786,3.7686565
2787,4.1894855
2788,4.3825793
2789,1.300092
2790,18.888933
2791,1.5142621
2792,5.4788713
2793,15.546155
2794,0.47244385
2795,15.731694
2796,6.8784785
2797,0.2923953
2798,1.2383604
2799,1.8440902
2800,23.003069
2801,2.2008722
2802,12.909011
2803,4.189233
2804,2.1065574
2805,0.8956232
2806,21.044071
2807,1.0081179
2808,14.965284
2809,0.9426613
2810,21.226505
2811,4.7021585
2812,0.5758928
2813,1.7088393
2814,3.7023332
2815,16.883966
2816,17.247128
2817,0.9719589
2818,17.711884
2819,12.960843
2820,3.6531038
2821,1.3797998
2822,0.17225379
2823,1.012598
2824,21.101322
2825,0.09921268
2826,3.0833564
2827,4.867199
2828,21.334011
2829,0.7654743
2830,1.032771
2831,6.7485642
2832,4.2254057
2833,0.4927214
2834,4.0782614
2835,0.6408931
2836,8.969614
2837,1.458378
2838,0.48981914
2839,4.3790007
2840,18.05067
2841,1.4786868
2842,4.188195
2843,2.6135902
2844,2.084585
2845,17.953981
2846,3.6137094
2847,11.581485
2848,20.470737
2849,4.8657436
2850,23.879948
2851,0.5719588
2852,16.209438
2853,27.577772
2854,0.6075902
2855,10.0827465
2856,10.681253
2857,2.8673537
2858,0.40125823
2859,19.861656
2860,0.18515924
2861,0.06409173
2862,1.1835527
2863,0.45151463
2864,4.3595123
2865,15.748133
2866,13.7824135
2867,1.598273
2868,4.9280214
2869,4.785418
2870,11.790828
2871,21.554272
2872,4.1620173
2873,9.803768
2874,0.1702282
2875,0.80646
2876,0.41457227
2877,4.3729563
2878,18.250023
2879,5.756049
2880,23.326323
2881,22.62915
2882,1.1807333
2883,4.4258094
2884,2.3289535
2885,0.5661759
2886,4.8716054
2887,0.7962061
2888,2.248223
2889,21.365974
2890,7.7864976
2891,4.3888416
2892,1.5253769
2893,0.88461745
2894,1.5256541
2895,0.69846404
2896,0.9137603
2897,3.2166178
2898,5.991269
2899,13.228212
2900,0.09296639
2901,4.609749
2902,11.392182
2903,15.345801
2904,-0.1590592
2905,14.783722
2906,21.601574
2907,0.27239776
2908,0.10197506
2909,1.8915138
2910,4.3449807
2911,2.0481043
2912,4.439872
2913,25.323544
2914,8.470821
2915,18.528112
2916,3.728
2917,5.373615
2918,11.0304575
2919,0.38539988
2920,7.9399104
2921,14.421485
2922,1.2601818
2923,2.9498842
2924,7.726792
2925,9.240245
2926,16.869946
2927,14.91316
2928,3.8274148
2929,0.1193556
2930,15.732909
2931,4.654616
2932,1.3330139
2933,16.129093
2934,22.846176
2935,16.87656
2936,15.385208
2937,6.064105
2938,23.88197
2939,10.9581175
2940,23.217878
2941,2.6400251
2942,20.11922
2943,21.634438
2944,4.686155
2945,2.8011954
2946,1.1738073
2947,9.686561
2948,0.31995448
2949,1.0921007
2950,9.7278185
2951,21.10461
2952,0.020239912
2953,1.5067385
2954,1.373764
2955,22.191658
2956,9.146008
2957,19.527065
2958,3.7209065
2959,3.9319997
2960,16.283186
2961,4.765942
2962,4.085188
2963,8.192377
2964,21.32434
2965,1.0322694
2966,5.100029
2967,3.176403
2968,10.306864
2969,13.631973
2970,3.835501
2971,0.3610214
2972,3.535628
2973,3.4597423
2974,1.2773416
2975,0.19163826
2976,1.3213608
2977,4.4478245
2978,13.254641
2979,5.453662
2980,-0.08890672
2981,4.665044
2982,2.3822722
2983,4.2749815
2984,4.2483697
2985,1.0404935
2986,3.7095077
2987,24.248226
2988,2.8023427
2989,1.4651592
2990,2.8959692
2991,0.4517345
2992,17.204222
2993,3.6107657
2994,1.918896
2995,1.3243115
2996,5.2209163
2997,1.340661
2998,4.3527117
2999,2.4906282
3000,3.9463935
3001,4.7421417
3002,1.1899371
3003,3.521108
3004,4.0427113
3005,12.769993
3006,0.87428296
3007,20.239645
3008,3.5330434
3009,5.6576695
3010,1.0470126
3011,14.983236
3012,15.479001
3013,2.121689
3014,0.0222288
3015,1.1661901
3016,0.28497255
3017,24.529627
3018,12.566994
3019,1.4406843
3020,3.536748
3021,13.258852
3022,8.302459
3023,1.6372733
3024,17.443666
3025,-0.068534106
3026,0.47605035
3027,14.362381
3028,3.0708501
3029,14.953932
3030,3.997002
3031,14.958796
3032,5.0414658
3033,0.4535495
3034,20.954498
3035,18.628126
3036,1.0123478
3037,15.671508
3038,4.9375224
3039,11.937406
3040,0.39518225
3041,15.007691
3042,19.964611
3043,20.377851
3044,21.513958
3045,0.27453706
3046,12.667119
3047,3.5206845
3048,4.6233873
3049,1.2218647
3050,0.43055087
3051,13.103687
3052,2.5472963
3053,6.6519957
3054,1.1017066
3055,20.935022
3056,4.861041
3057,3.2358322
3058,1.6947888
3059,17.03319
3060,1.2416508
3061,0.2021569
3062,3.3369453
3063,4.6650295
3064,22.37385
3065,2.8833754
3066,-0.049739987
3067,15.552576
3068,18.210234
3069,17.208313
3070,4.4070907
3071,15.025916
3072,0.37638116
3073,0.6346632
3074,0.9141669
3075,5.8590903
3076,0.361289
3077,1.432442
3078,0.11955856
3079,3.5805185
3080,-0.034463942
3081,0.919528
3082,1.1736108
3083,1.4349841
3084,5.4393125
3085,2.837295
3086,0.4825579
3087,14.180171
3088,13.731595
3089,26.241016
3090,1.863789
3091,6.75924
3092,2.607013
3093,18.016966
3094,2.8677273
3095,2.5753639
3096,1.2551899
3097,0.81370604
3098,11.676429
3099,14.08153
3100,0.43197563
3101,2.464184
3102,5.135446
3103,3.3553066
3104,0.083873786
3105,3.7520046
3106,0.9948596
3107,1.3395231
3108,0.516103
3109,0.26945156
3110,14.662308
3111,18.787327
3112,24.499926
3113,0.30553332
3114,3.2767477
3115,7.9079523
3116,9.172476
3117,19.41777
3118,4.670255
3119,4.5777516
3120,11.399585
3121,10.387538
3122,0.05515925
3123,5.0266695
3124,0.8957051
3125,0.8035637
3126,3.497761
3127,23.183407
3128,1.5737861
3129,12.368444
3130,3.6201682
3131,4.948928
3132,12.206859
3133,2.6407685
3134,18.283503
3135,1.1712844
3136,2.311875
3137,1.9540874
3138,7.4356985
3139,2.2904778
3140,21.493649
3141,1.4212204
3142,14.261814
3143,4.5604615
3144,1.3139311
3145,20.150534
3146,4.5804133
3147,1.5273471
3148,7.045304
3149,9.966823
3150,0.071377814
3151,4.980628
3152,4.505116
3153,-0.061537683
3154,18.74714
3155,4.980986
3156,1.3495567
3157,0.70394564
3158,1.6762334
3159,3.8610942
3160,0.29072088
3161,0.6796396
3162,5.8832855
3163,12.9008045
3164,1.0690743
3165,0.13763013
3166,5.748404
3167,1.3204964
3168,22.23949
3169,0.68492234
3170,14.560698
3171,4.2663417
3172,3.1417358
3173,16.946886
3174,3.1652317
3175,1.6760019
3176,2.5572963
3177,1.537572
3178,16.047537
3179,22.558863
3180,4.6272836
3181,15.686592
3182,1.9931452
3183,2.1910965
3184,13.784439
3185,7.3332915
3186,4.176445
3187,3.66665
3188,3.7027485
3189,1.3185867
3190,0.25236702
3191,2.2618556
3192,19.586075
3193,0.6985543
3194,5.1162443
3195,4.081679
3196,0.039620586
3197,1.0244162
3198,1.7939621
3199,10.401595
3200,5.9386992
3201,17.271029
3202,14.94613
3203,1.3547184
3204,1.2496793
3205,2.7842212
3206,22.474571
3207,0.3941854
3208,4.444825
3209,2.4859664
3210,3.315465
3211,16.556562
3212,0.2851596
3213,-0.04017958
3214,16.788454
3215,15.786837
3216,17.698412
3217,13.309228
3218,16.641058
3219,0.97390914
3220,7.225503
3221,23.67634
3222,8.040728
3223,12.682747
3224,1.8109821
3225,4.0621986
3226,8.906677
3227,3.5010982
3228,0.71832776
3229,10.364627
3230,1.0196344
3231,24.08104
3232,1.0281591
3233,22.563902
3234,3.1175895
3235,-0.08355239
3236,18.497513
3237,2.6694071
3238,0.3194057
3239,0.12519076
3240,1.6263795
3241,24.219795
3242,3.0622325
3243,4.8166943
3244,9.69953
3245,7.7233744
3246,3.8070319
3247,0.19829917
3248,1.4902725
3249,2.8660638
3250,3.4788039
3251,0.46239415
3252,4.8282547
3253,10.409811
3254,0.10368241
3255,4.3538313
3256,1.2853191
3257,3.9337454
3258,2.4626095
3259,1.3718451
3260,4.957453
3261,1.3524221
3262,1.0195699
3263,12.129334
3264,-0.32288992
3265,17.622786
3266,1.813562
3267,0.8915
3268,7.0692253
3269,0.8337681
3270,5.102837
3271,22.43709
3272,3.3282487
3273,19.987797
3274,2.2232902
3275,13.920342
3276,17.433455
3277,0.8047377
3278,11.365986
3279,2.390372
3280,0.5438411
3281,2.0403347
3282,1.9036912
3283,21.07881
3284,17.172176
3285,8.914973
3286,1.9623312
3287,14.35298
3288,18.46405
3289,11.1242695
3290,17.031162
3291,1.9660376
3292,0.835096
3293,16.76588
3294,3.0381877
3295,1.7851713
3296,4.2066236
3297,4.0210185
3298,1.2816908
3299,19.140684
3300,4.7441154
3301,3.095964
3302,21.844637
3303,2.3835843
3304,1.1336623
3305,22.970934
3306,4.1060457
3307,0.51647174
3308,15.881522
3309,4.9772787
3310,1.0589533
3311,11.380476
3312,19.554546
3313,3.6695096
3314,14.765479
3315,1.7391354
3316,3.858125
3317,1.0105407
3318,23.197603
3319,0.14070493
3320,1.134708
3321,0.83824503
3322,12.159311
3323,12.265248
3324,18.114376
3325,19.333746
3326,18.470684
3327,1.7939311
3328,17.517727
3329,0.8486061
3330,3.427011
3331,2.1601236
3332,1.1615459
3333,0.057285488
3334,1.9395039
3335,21.267706
3336,11.790939
3337,17.068375
3338,7.283059
3339,4.7926598
3340,4.813735
3341,15.88736
3342,1.330355
3343,0.8373158
3344,4.1854854
3345,1.6932857
3346,23.576128
3347,6.668628
3348,14.522502
3349,17.90912
3350,3.42732
3351,3.573932
3352,2.2140667
3353,1.1552879
3354,18.009893
3355,4.4496503
3356,2.039398
3357,1.0767483
3358,0.5291012
3359,2.0645275
3360,10.029767
3361,2.7749841
3362,4.6423554
3363,1.3570491
3364,5.050517
3365,3.4960294
3366,14.263976
3367,1.6325109
3368,3.8429163
3369,1.6894442
3370,13.3376465
3371,17.826122
3372,0.74061084
3373,10.795326
3374,0.2775018
3375,8.21108
3376,4.2434993
3377,5.7876916
3378,0.6986265
3379,22.147707
3380,0.5993
3381,14.242156
3382,1.1783307
3383,-0.04002416
3384,3.596251
3385,3.870485
3386,4.5073075
3387,0.60068834
3388,5.977051
3389,1.1644673
3390,2.443856
3391,0.5333056
3392,7.4043703
3393,18.88816
3394,2.6749716
3395,13.841755
3396,1.4479485
3397,16.340038
3398,9.302241
3399,0.47416624
3400,16.54705
3401,3.2181432
3402,1.1678501
3403,25.2766
3404,4.668335
3405,2.056063
3406,17.532806
3407,2.3016977
3408,17.718798
3409,2.4715397
3410,6.0543036
3411,15.815
3412,4.5350523
3413,22.33751
3414,18.798141
3415,4.16041
3416,22.286547
3417,3.4857457
3418,6.934375
3419,17.155048
3420,3.7285736
3421,5.2393312
3422,3.3818698
3423,13.897009
3424,0.26676476
3425,20.565872
3426,2.1633275
3427,1.3203838
3428,19.796946
3429,20.161947
3430,0.9829978
3431,2.9104097
3432,2.837482
3433,14.886613
3434,0.7415525
3435,2.4362411
3436,17.763784
3437,6.683643
3438,12.247642
3439,4.1381063
3440,22.970726
3441,16.378016
3442,0.8632685
3443,4.3460827
3444,2.6305919
3445,4.456578
3446,2.7013032
3447,18.327034
3448,18.570715
3449,0.78324914
3450,24.639019
3451,24.814302
3452,26.497305
3453,19.35855
3454,0.84017277
3455,0.75078523
3456,0.9412118
3457,3.8070781
3458,4.691751
3459,21.001087
3460,0.20669743
3461,21.141722
3462,8.987961
3463,1.192579
3464,0.5459294
3465,13.889383
3466,0.9419563
3467,5.2483344
3468,1.6418661
3469,1.8438038
3470,2.676139
3471,13.000843
3472,0.44371077
3473,2.7104635
3474,4.043844
3475,4.805831
3476,0.43016836
3477,0.3223683
3478,2.0203977
3479,4.8568172
3480,4.9654865
3481,15.098654
3482,1.21292
3483,7.858246
3484,1.709107
3485,4.509464
3486,3.5352097
3487,4.03008
3488,5.4834766
3489,0.21476737
3490,21.316282
3491,1.5921061
3492,4.962658
3493,3.8832452
3494,0.47062334
3495,1.1212704
3496,0.60632396
3497,0.9097066
3498,1.4671328
3499,4.157933
3500,12.21327
3501,22.356321
3502,0.8470565
3503,3.1775985
3504,9.975998
3505,4.7277627
3506,13.557537
3507,-0.038774163
3508,24.219666
3509,0.00055228174
3510,0.89880764
3511,15.0363455
3512,5.4293947
3513,1.4294928
3514,1.308901
3515,16.086683
3516,15.455329
3517,0.35973102
3518,20.18489
3519,2.6539989
3520,16.578667
3521,3.13112
3522,0.14073326
3523,2.048219
3524,4.8514047
3525,3.4259615
3526,2.298318
3527,17.225142
3528,21.603502
3529,1.1873381
3530,0.59184563
3531,6.440303
3532,21.53952
3533,5.3883004
3534,0.46420264
3535,7.284084
3536,22.808851
3537,1.0658736
3538,4.1038923
3539,4.820755
3540,-0.25034642
3541,1.7580434
3542,6.5311823
3543,10.286244
3544,6.635725
3545,2.0345025
3546,3.6353455
3547,2.457145
3548,2.7856278
3549,3.0636845
3550,7.263375
3551,19.581364
3552,0.22594604
3553,1.6671152
3554,0.31800637
3555,3.077335
3556,25.188848
3557,3.5416756
3558,0.22633734
3559,5.538517
3560,1.2593352
3561,2.2575405
3562,2.445757
3563,5.2130604
3564,2.4049838
3565,0.24726595
3566,3.2722497
3567,7.247785
3568,15.919688
3569,24.70874
3570,1.661829
3571,14.702489
3572,14.8261795
3573,0.37315854
3574,1.9803941
3575,3.6058357
3576,1.1362001
3577,11.248839
3578,1.4977751
3579,12.759788
3580,1.7070031
3581,1.1359007
3582,4.865552
3583,20.362041
3584,21.860521
3585,14.763133
3586,3.766916
3587,7.390359
3588,14.929183
3589,0.12827422
3590,1.2943746
3591,0.87270904
3592,2.025353
3593,18.353634
3594,1.1338096
3595,23.169546
3596,15.641051
3597,0.5356882
3598,3.3442636
3599,11.420967
3600,6.347262
3601,5.5282803
3602,13.174471
3603,1.9539802
3604,12.008724
3605,0.55764294
3606,1.1786846
3607,3.9489832
3608,0.3827724
3609,0.6138443
3610,3.9732635
3611,1.1884538
3612,18.3059
3613,19.030134
3614,13.720441
3615,0.11977714
3616,2.8199625
3617,13.242624
3618,14.475217
3619,1.3193475
3620,0.32627314
3621,-0.069451705
3622,14.187337
3623,0.047228873
3624,8.275594
3625,18.241491
3626,2.8752592
3627,10.453084
3628,4.019928
3629,22.042494
3630,15.58118
3631,1.414587
3632,1.2192405
3633,16.449558
3634,0.32745337
3635,1.349045
3636,8.699636
3637,2.6838517
3638,20.080078
3639,14.803652
3640,0.06111016
3641,16.255768
3642,0.559441
3643,2.7687256
3644,-0.0058281273
3645,1.4131491
3646,0.5797943
3647,14.075998
3648,21.927578
3649,0.025651515
3650,9.002248
3651,1.3209245
3652,17.550762
3653,11.153143
3654,16.702206
3655,5.167288
3656,21.374857
3657,4.729781
3658,3.7720602
3659,9.827722
3660,4.067898
3661,22.62647
3662,2.3191266
3663,1.2908589
3664,21.669394
3665,3.744431
3666,0.46865225
3667,6.4513354
3668,3.867955
3669,3.7045019
3670,3.4038134
3671,2.3318384
3672,16.29483
3673,1.2349352
3674,2.0039518
3675,5.8451586
3676,2.9836478
3677,5.6139846
3678,0.77930975
3679,0.11473364
3680,23.503616
3681,2.7443035
3682,14.77826
3683,4.17161
3684,18.046232
3685,10.509293
3686,2.548778
3687,3.0737987
3688,4.170006
3689,22.433619
3690,1.8431185
3691,19.891376
3692,20.716345
3693,14.479062
3694,1.2244282
3695,0.71865034
3696,2.7089326
3697,3.5473058
3698,22.050488
3699,16.776289
3700,21.838737
3701,3.5372372
3702,6.192348
3703,9.661347
3704,21.990019
3705,9.877843
3706,0.7681341
3707,0.9293847
3708,0.6567297
3709,0.7220566
3710,14.779112
3711,2.2334692
3712,4.8222837
3713,1.8768413
3714,6.845715
3715,5.994727
3716,18.867252
3717,5.7166014
3718,18.519257
3719,4.1603923
3720,0.19659552
3721,2.4691186
3722,2.0420504
3723,11.092876
3724,4.8462887
3725,0.9711304
3726,0.8575418
3727,14.526314
3728,0.31692883
3729,4.092035
3730,23.510431
3731,4.169393
3732,1.1736605
3733,1.6954044
3734,16.311697
3735,8.213107
3736,1.1515735
3737,15.80535
3738,3.6636848
3739,2.0347686
3740,19.657804
3741,18.728298
3742,3.1579697
3743,0.6033306
3744,0.933522
3745,23.283218
3746,1.4632857
3747,15.625766
3748,0.25548112
3749,18.438604
3750,7.5503616
3751,1.3074973
3752,25.90012
3753,19.920504
3754,9.885829
3755,3.1600876
3756,3.2210727
3757,11.991826
3758,3.619052
3759,15.479931
3760,1.2735533
3761,20.531818
3762,0.10984677
3763,10.920847
3764,1.326812
3765,6.3462906
3766,0.2597578
3767,0.62908846
3768,0.34168392
3769,1.2347249
3770,0.2981853
3771,1.6303699
3772,2.928311
3773,22.26887
3774,4.594513
3775,1.4538319
3776,0.104518995
3777,22.119091
3778,3.5289433
3779,1.5027467
3780,2.4105337
3781,6.049868
3782,9.710059
3783,24.50338
3784,-0.100124925
3785,17.072098
3786,17.700605
3787,1.6900611
3788,0.9293444
3789,2.4463105
3790,-0.10266654
3791,11.969092
3792,0.89953756
3793,0.18585718
3794,3.2893155
3795,17.872246
3796,15.145427
3797,15.740185
3798,15.871367
3799,6.02828
3800,9.412149
3801,1.2515379
3802,1.1573462
3803,18.738388
3804,2.7683206
3805,8.216651
3806,7.530902
3807,4.480523
3808,3.8869092
3809,23.75137
3810,14.52131
3811,4.1767125
3812,4.7113132
3813,16.849028
3814,5.846672
3815,4.642585
3816,12.127585
3817,18.964802
3818,2.2664776
3819,1.2624066
3820,3.3557189
3821,8.731271
3822,3.769129
3823,0.40001693
3824,2.4974103
3825,13.252175
3826,13.942103
3827,0.24164692
3828,6.883696
3829,0.20281875
3830,20.383947
3831,2.523111
3832,7.8314676
3833,1.2636533
3834,11.148465
3835,4.3894696
3836,9.014137
3837,0.029730879
3838,24.384571
3839,0.6410358
3840,3.6391463
3841,0.11768392
3842,19.906324
3843,22.705973
3844,20.805588
3845,1.0041485
3846,3.0584002
3847,0.69475186
3848,6.400535
3849,1.3804926
3850,0.48870912
3851,2.1724873
3852,15.064028
3853,10.777744
3854,0.6454804
3855,5.2939987
3856,17.31792
3857,0.31371003
3858,1.0431963
3859,4.8777356
3860,1.0716668
3861,4.4971185
3862,21.38999
3863,1.0999393
3864,22.424461
3865,1.6835667
3866,0.61156356
3867,21.827368
3868,5.2187243
3869,1.8543825
3870,3.8227923
3871,15.702855
3872,5.2778964
3873,1.6412439
3874,1.1798208
3875,1.8733608
3876,7.6609716
3877,13.481832
3878,19.21723
3879,15.322813
3880,1.7389748
3881,15.769654
3882,12.238494
3883,3.581542
3884,8.476319
3885,10.5546665
3886,0.8408593
3887,1.0092146
3888,16.700514
3889,1.710424
3890,1.7591803
3891,0.84636784
3892,12.453166
3893,23.334454
3894,1.4518797
3895,1.2703043
3896,4.5702257
3897,7.8896174
3898,0.9559742
3899,4.0612397
3900,0.9125775
3901,4.6367884
3902,2.2150972
3903,7.6142044
3904,14.383283
3905,2.491507
3906,1.6062555
3907,1.0890603
3908,0.09723624
3909,23.197388
3910,2.4770112
3911,1.7645983
3912,8.093449
3913,0.59354734
3914,22.08721
3915,14.918728
3916,10.969864
3917,1.2689768
3918,4.7603407
3919,19.899523
3920,11.803474
3921,11.771887
3922,2.8577042
3923,0.63987136
3924,0.50969017
3925,1.4978434
3926,3.4233878
3927,1.2775935
3928,0.62125856
3929,22.79494
3930,0.80566454
3931,1.3777877
3932,17.610662
3933,4.519617
3934,15.316652
3935,4.462075
